,Username,Wallets
0,jmolp#8276,0x77875De17881d3a88CCE44581550e374e8759bFA
1,!!Easyweezy | GGM#1060,0x8b3de5F6B42d101c6e675DCF8480BdB00441a3d2
2,D3-PO |LEGAL DEPT| âš–#2541,0x942c842b7a5DDf8586e09cfFa79dec191c26C538
3,Realeks#5341,0xE36100678a63F4F7E999EEfD40B3F420ac4d6C6a
4,Resaang#0374,0xc7F90cf9033bA51C166002A960bc276274bB7769
5,Mirian24#2424,0x961309b64966974D85Bc61B312C7CC1bAbEA2b3b
6,Kars#5588,0xe84Dd44483Fe46AB108748D20FDE5040c5AA857C
7,B-to-the-J.eth#9999,0xe3DAd9fd32E8Cc14F65A6e5da82ACa4395F223c3
8,Benj#0957,0xFB818b8B01F969450c4038d2bA8393e862217904
